{
    "top": {
        "legend":["事件量","解决量"],
        "x":["2018-03-24","2018-03-25","2018-03-26","2018-03-27","2018-03-28","2018-03-29","2018-03-30"],
        "sdata":[{
            "name":"事件量",
            "barWidth":"25%",
            "type": "bar",
            "data": [220, 182, 191, 234, 290, 225, 320]
        },
        {
            "name":"解决量",
            "barWidth":"25%",
            "type": "bar",
            "data": [98, 77, 101, 99, 40, 85, 30]
        }]
    },
    "bottom":{
        "legend":["事件量"],
        "x":["市税务局","市教育局","市发改委","市国土规划委","市环保局"],
        "sdata":[{
            "name":"事件量",
            "barWidth":"30%",
            "type": "bar",
            "data": [182, 151, 148, 110, 49]
        }]
    }    
}        