{
    "name" :["事件级别","事件来源"],
    "title" :["主机","网络","应用"],
    "legend" :[
                {"data":["非常严重","严重","一般/轻微"]},
                {"data":["电话","短信","邮件","自服务台","其他"]}
            ],
    "colors" :[	
                ["#e65100","#f2e9b6","#56bdfc","#077d7d","#4f5059"],			
                ["#d24d32","#d6a922","#077d7d","#1b69c8","#4f5059"]							
            ],
    "startAngle" : [90,90], 
    "sdata": [
    
            [{
                "value": 37,
                "name": "严重"
             },{
                "value": 40,
                "name": "一般/轻微"
             },{
                "value": 23,
                "name": "非常严重"
             }],
            [{
                "value": 33,
                "name": "严重"
             },{
                "value": 52,
                "name": "一般/轻微"
             },{
                "value": 14,
                "name": "非常严重"
             }],
             [{
                "value": 30,
                "name": "严重"
             },{
                "value": 53,
                "name": "一般/轻微"
             },{
                "value": 17,
                "name": "非常严重"
             }]
        ]
}        