{
    "l":{
        "name":"事件类别分布",
        "sdata":[
            {"value":400, "name":"业务系统"},
            {"value":150, "name":"PC"},
            {"value":274, "name":"软件"},
            {"value":235, "name":"网络"},
            {"value":300, "name":"服务器"}
        ]
    },
    "r":{
        "name":"事件影响程度分布",
        "sdata":[
            {"value":400, "name":"影响单位"},
            {"value":150, "name":"影响集团"},
            {"value":274, "name":"影响个人"},
            {"value":235, "name":"影响小组"},
            {"value":300, "name":"影响部门"}
        ]
    }
}        